"filename","full_path"
"CAR-00005.pdf","/mnt/data-pool/data/files/Masters/CAR (Christine Armer Collection)/CAR-00005_Blondie/CAR-00005.pdf"
"CAR-00012.001_01 CArmerTRob329GroundhogstoryEnglishedited.wav","/mnt/data-pool/data/files/Masters/CAR (Christine Armer Collection)/CAR-00012_How the Groundhog Lost his Tail/CAR-00012.001_01 CArmerTRob329GroundhogstoryEnglishedited.wav"
"CAR-00012_01 CArmerTRob0328Groundhogstoryeditedcherokee.wav","/mnt/data-pool/data/files/Masters/CAR (Christine Armer Collection)/CAR-00012_How the Groundhog Lost his Tail/CAR-00012_01 CArmerTRob0328Groundhogstoryeditedcherokee.wav"
"CAR-00012.002_01 CArmerTRobGroundhogstory329EditedELAN.eaf","/mnt/data-pool/data/files/Masters/CAR (Christine Armer Collection)/CAR-00012_How the Groundhog Lost his Tail/CAR-00012.002_01 CArmerTRobGroundhogstory329EditedELAN.eaf"
"CAR-00010.pdf","/mnt/data-pool/data/files/Masters/CAR (Christine Armer Collection)/CAR-00010_Letter in Cherokee and English from Sam H. Hair and pastor Felix Bird, dated 1968, on the resignation of 2 members of the 13 Mile Creek Church/CAR-00010.pdf"
"CAR-00003.pdf","/mnt/data-pool/data/files/Masters/CAR (Christine Armer Collection)/CAR-00003_Popeye the Sailor/CAR-00003.pdf"
"CAR-00008.pdf","/mnt/data-pool/data/files/Masters/CAR (Christine Armer Collection)/CAR-00008_Loose manuscript page from Bellefonte Indian Baptist Church Sunday school records, dated October 22,1963/CAR-00008.pdf"
"CAR-00004.pdf","/mnt/data-pool/data/files/Masters/CAR (Christine Armer Collection)/CAR-00004_Beetle Bailey/CAR-00004.pdf"
"CAR-00006.pdf","/mnt/data-pool/data/files/Masters/CAR (Christine Armer Collection)/CAR-00006_Notebook containing Bellefonte Indian Baptist Church Sunday school records in Cherokee for the years 1962-63/CAR-00006.pdf"
"CAR-00009.pdf","/mnt/data-pool/data/files/Masters/CAR (Christine Armer Collection)/CAR-00009_Loose manuscript page from Bellefonte Indian Baptist Church Sunday school records, dated 1968/CAR-00009.pdf"
"CAR-00002.pdf","/mnt/data-pool/data/files/Masters/CAR (Christine Armer Collection)/CAR-00002_Hi & Lois/CAR-00002.pdf"
"CAR-00007.pdf","/mnt/data-pool/data/files/Masters/CAR (Christine Armer Collection)/CAR-00007_Notebook containing Bellefonte Indian Baptist Church Sunday school records in Cherokee for the years 1965-67/CAR-00007.pdf"
"CAR-00011.pdf","/mnt/data-pool/data/files/Masters/CAR (Christine Armer Collection)/CAR-00011_Letter from Lizzie Gonzales to Bellefonte Baptist Church, Cherokee County, Oklahoma/CAR-00011.pdf"
